name	x	y
Oregon	-120.50139	44.00013
Washington	-120.50147	47.50012
Maryland	-76.74997	39.00039
Garland	NONE	NONE
