name	x	y
Trump	NONE	NONE
Texas	-99.25061	31.25044
Mexico City	-99.12766	19.42847
