name	x	y
Sharm	NONE	NONE
Egypt	30.0	27.0
Wales	-3.5	52.5
Russia	100.0	60.0
Cairo	31.24967	30.06263
European Union	4.37599	50.83857
