name	x	y
Kuala Lumpur	101.68653	3.14309
Indonesia	120.0	-5.0
Japan	139.75309	35.68536
Malaysia	112.5	2.5
