name	x	y
Arlington	-77.10428	38.88101
