name	x	y
Arlington	-97.10807	32.73569
