name	x	y
Homs	36.72339	34.72682
Syria	38.0	35.0
Geneva	6.12737	46.20804
Tahrir	NONE	NONE
