name	x	y
Germany	10.5	51.5
Austria	13.33333	47.33333
Bosnia and Herzegovina	17.83333	44.25
Heidelberg	8.6935	49.4095
