name	x	y
New Jersey	-74.49987	40.16706
