name	x	y
Zliten	14.56874	32.46739
Misrata	107.9	53.78333
Bin	77.00693	31.73171
Syria	38.0	35.0
Tripoli	13.18746	32.87519
Iraq	44.0	33.0
Tobruk	23.97639	32.08361
Sirte	16.58866	31.20892
Zintan	12.25291	31.93155
Sabratha	135.16667	25.31667
Ansar	84.36581	26.02901
Derna	22.3	47.2
Ajdabiya	20.22625	30.75545
Sidra	23.44954	53.55244
Ras Lanuf	49.81667	-14.08333
Benghazi	20.06859	32.11486
BBC	126.34861	38.34194
United Nations	36.7691	-1.2442
