name	x	y
European Union	4.37599	50.83857
Silicon Valley	-122.04	37.37
California	-119.75126	37.25022
Georgia	-83.50018	32.75042
United States	-98.5	39.76
