name	x	y
Britain	-1.86823	53.59378
Libya	17.0	28.0
Wales	-3.5	52.5
Russia	100.0	60.0
Syria	38.0	35.0
Egypt	30.0	27.0
Africa	21.09375	7.1881
