name	x	y
Syria	38.0	35.0
United States	-98.5	39.76
Aleppo	37.16117	36.20124
Afghanistan	66.0	33.0
