name	x	y
Germany	10.5	51.5
Kaduna	7.43879	10.52641
Abuja	7.49508	9.05785
